dataset,external_label,external_definition,rf_category,mapping_type,confidence,important_difference,source,notes
BenSyc,Invalidation,"disagreement criticism dismissal or analytical pushback against the poster; paper text: does not necessarily imply hostility, many invalidating responses remain constructive and analytical",B.BLAME_CRITICISM (partial) / none for the non-generalizing slice,CONSTRUCT_MISMATCH,high,"Speaker is a Reddit bystander responding to a stranger's post, not one partner speaking to the other; also breadth mismatch -- BenSyc explicitly includes calm constructive disagreement, RF requires generalizing negative personal characterization. The narrower 'dismiss/minimize a specific stated feeling without generalizing' slice has no RF label at all and falls to none_observed.",arXiv:2606.10061 sec 3.2.2 Table 1,See dedicated Invalidation section in the report -- this is the closest thing to a real gap found
BenSyc,Neutral,"balanced discussion uncertainty or practical advice without clear alignment",(none -- none_observed),NO_MATCH,high,"RF has no positive label for a neutral/practical-advice state; it is simply the absence of any assigned label. Protocol's own future-candidate list names NEUTRAL_REQUEST but it does not exist in v0.1.",arXiv:2606.10061,Expected non-gap
BenSyc,Support,"empathy or emotional reassurance without strongly reinforcing the poster's interpretation",B.VALIDATION,MANY_TO_ONE,medium,"RF's B.VALIDATION explicitly does not require agreeing with the partner's conclusions ('не обязательно соглашаясь с выводами'), so it would code both a BenSyc Support example and a BenSyc Validation example positively. RF's single label collapses a distinction BenSyc treats as its central methodological contribution (support vs. reinforcement-oriented validation).",arXiv:2606.10061 sec 1 sec 3.2.2,Central to the Validation/Support/Repair section
BenSyc,Validation,"explicit agreement with the poster's perspective feelings or framing",B.VALIDATION,MANY_TO_ONE,medium,"BenSyc's Validation requires endorsing the interpretation/framing, which is stronger than RF's definition (acknowledging the emotion as understandable, not endorsing the conclusion).",arXiv:2606.10061,Central to the Validation/Support/Repair section
BenSyc,Escalation,"amplification of the poster's stance through hostility blame reinforcement or encouragement of stronger reactions",(none),CONSTRUCT_MISMATCH,high,"Bystander encourages the poster to escalate against a THIRD PARTY (e.g. an ex). RF has no category for one partner encouraging the other to escalate against someone outside the dyad; B.BLAME_CRITICISM requires the negative characterization be of the partner, by the other partner, not third-party-directed hostility coached by an outsider.",arXiv:2606.10061 Table 1,Relevant only to a future response-quality/advice layer, not the dyadic BehaviorOntology
Relationship Advice,Practical Advice,"actionable suggestions/directives offered to the post writer",(none),CONSTRUCT_MISMATCH,high,"No RF label represents 'gives advice'; this is a third-party advisor role with no partner-behavior analogue in v0.1.",HF yonatanko/Relationship_Advice README,Relevant to a future advice/response-quality layer, not the BehaviorOntology
Relationship Advice,Emotional support,"reassurance or comfort offered to the post writer",B.VALIDATION (weak partial if reframed as partner speech),CONSTRUCT_MISMATCH,medium,"Directionality mismatch: bystander-to-discloser, not partner-to-partner. Observed examples are often generic normalization ('it's a common scenario') rather than acknowledgment of a specific stated feeling, which is the same Support/Validation looseness flagged for BenSyc.",HF yonatanko/Relationship_Advice example_id 161/222/255,
Relationship Advice,Commentator's opinion,"the commentator's own judgment or view of the situation",(none),NO_MATCH,high,"No partner-directed analogue; this is a bystander's personal take, not an observable action toward a partner.",HF yonatanko/Relationship_Advice,
Relationship Advice,Hurtful,"insulting or attacking response directed at the post writer",B.BLAME_CRITICISM (surface form only),CONSTRUCT_MISMATCH,medium,"Directed at a stranger seeking advice, not at a romantic partner, so RF's directionality requirement (other_directed = toward one's own partner) is not met. RF's exclusion for playful/affectionate insult does not even apply here (no relationship context). Still, the surface form (generalizing character attack, e.g. 'you are a scumbag') matches B.BLAME_CRITICISM's marker set closely -- shown for example_id 178.",HF yonatanko/Relationship_Advice example_id 178/183,Useful reminder that BLAME_CRITICISM markers are not partner-exclusive; RF's dyad-only scope is a design choice, not a property of the language
Relationship Advice,Sarcasm,"ironic or mocking response",(none -- deliberately excluded),NO_MATCH,high,"RF's own protocol already deliberately excludes 'contempt/sarcasm-with-hostility' as a v0.1 label for reliability reasons (expected worst alpha in text). This dataset's independent choice to make Sarcasm its own label confirms the known difficulty; it is not new information.",HF yonatanko/Relationship_Advice; docs/annotation-protocol-v0.md sec 7,Confirmatory, not novel
Relationship Advice,Not Relevant,"off-topic or non-responsive comment",(none -- none_observed / unit_not_applicable),NO_MATCH,high,"Procedural category, not a behavior construct.",HF yonatanko/Relationship_Advice,
Relationship Advice,more_helpful_comment (pairwise),"which of two comments better serves the post writer's needs",(none -- not a behavior label),NOT_APPLICABLE,high,"This is a response-quality/helpfulness judgment, not an observable-behavior code. Relevant to a future response-quality-evaluation layer (RF's own 'what response would be better?' question), not to the BehaviorOntology crosswalk.",HF yonatanko/Relationship_Advice,Template for a future RESPONSE_EVAL methodology, see example_id 171 in the JSONL sample
ProsocialDialog,safety_label (casual / needs_caution / needs_intervention / needs_escalation / it's_ok),severity tiers assigned to a problematic utterance given a rule-of-thumb,(none),CONSTRUCT_MISMATCH,high,"Generic social-norm/toxicity severity taxonomy (bias, hate speech, ethics violations) built from SBIC / Social Chemistry / Reddit / ETHICS sources, not romantic-relationship behavior between two people who know each other.",HF allenai/prosocial-dialog; arXiv:2205.12688,Low relevance; recommended DROP for crosswalk purposes in the main report
ESConv,Affirmation and Reassurance,supporter validates or reassures the help-seeker,B.VALIDATION (partial),PARTIAL_MATCH,medium,"ESConv's strategy label is coarser than RF's evidence-span + explicit-acknowledgment requirement, and is produced by a crowd-worker playing a support role (already flagged in this repo's own naturalness-gate work as a 'therapeutic register' risk), not a romantic partner.",Liu et al. ACL 2021; already cited in data/ontology/behavior-v0.1.json source_frameworks for B.VALIDATION,Already in use as construct provenance in this project
ESConv,Reflection of Feelings / Restatement or Paraphrasing,supporter paraphrases the help-seeker's stated feeling,B.VALIDATION (partial),PARTIAL_MATCH,medium,"Closest external analogue to RF's own inclusion criterion 'перефразирование переживания партнёра без обесценивания'.",Liu et al. ACL 2021,
ESConv,Providing Suggestions / Information,supporter gives advice or factual information,(none),NO_MATCH,high,"'Advice' / 'information' has no RF category -- the same gap identified for Relationship Advice's Practical Advice label.",Liu et al. ACL 2021,Relevant to the Validation/Support/Advice distinction section
ESConv,Self-Disclosure,supporter shares their own similar experience,(none),NO_MATCH,medium,"No RF analogue for self-disclosure as its own observable act; borderline overlap with B.VALIDATION's normalization marker ('я бы тоже разозлилась') but RF does not isolate disclosure as a construct.",Liu et al. ACL 2021,
ESConv,Question,supporter asks an exploratory question,(none),NO_MATCH,high,"RF has no solicitation category yet; protocol's own future-candidate list names PERSPECTIVE_SOLICITATION as unbuilt future work.",Liu et al. ACL 2021; docs/annotation-protocol-v0.md sec 5.1,
AnnoMI,Reflection (simple / complex),therapist reflects the client's statement or feeling back to them,B.VALIDATION (methodological analogue only),PARTIAL_MATCH,low,"Counselling register; task instructions explicitly warn against assuming this transfers to romantic partners. Useful only as an annotation-scheme methodology reference (subtype granularity, exists/subtype flag pattern), not as a construct crosswalk.",Wu et al. 2022/2023; github.com/uccollab/AnnoMI,METHODOLOGY role only
AnnoMI,change talk / sustain talk (client),client's talk oriented toward vs. away from behavior change,(none),NO_MATCH,low,"Speaker-role and construct mismatch: this is a client's self-talk about their own change-readiness in therapy, not one partner's observable behavior toward the other.",Wu et al. 2023,
EmpatheticDialogues,empathetic listener response,crowd-acted empathetic response to a described emotional situation,"B.VALIDATION (partial; register risk)",PARTIAL_MATCH,low,"Already flagged internally as crowd-acted / 'therapeutic register' and CC BY-NC 4.0; per task instruction not to duplicate completed prior work, not independently re-investigated here.","data/pilot/naturalness-ab/v0-flagged-donor/donor-report.md; Rashkin et al. ACL 2019","Carried forward from existing repo research, not re-derived"
